ContractId,ContractYear,ContractDate,PrimarySalesRep,SecondarySalesRep,ContractAmount,PrimaryCommission,SecondaryCommission,TotalCommission
1,2008,1/4/2008,Inez Sanchez,Fred Jones,37419,,,
2,2008,1/7/2008,Brady Marshall,No secondary sales rep,80152,,,
3,2008,1/11/2008,Brady Marshall,Laura Barber,58643,,,
4,2008,1/12/2008,Mitchel Bogart,No secondary sales rep,22380,,,
5,2008,1/12/2008,Fred Jones,Kyle Freeman,50651,,,
6,2008,1/19/2008,Inez Sanchez,No secondary sales rep,21525,,,
7,2008,1/21/2008,Fred Jones,No secondary sales rep,23248,,,
8,2008,1/21/2008,Fred Jones,No secondary sales rep,32370,,,
9,2008,1/26/2008,Mark Esposito,No secondary sales rep,18633,,,
10,2008,1/27/2008,Mark Esposito,No secondary sales rep,67921,,,
11,2008,2/1/2008,Amanda Smith,Ryan Leaf,19740,,,
12,2008,2/1/2008,Brady Marshall,No secondary sales rep,31793,,,
13,2008,2/4/2008,Willie Johnson,Kelly Thomas,14066,,,
14,2008,2/8/2008,Mitchel Bogart,No secondary sales rep,45124,,,
15,2008,2/9/2008,Victoria Beckham,Mark Esposito,21758,,,
16,2008,2/11/2008,Amanda Smith,No secondary sales rep,26015,,,
17,2008,2/14/2008,Mitchel Bogart,No secondary sales rep,76558,,,
18,2008,2/16/2008,Fred Jones,Inez Sanchez,56844,,,
19,2008,2/17/2008,Mitchel Bogart,No secondary sales rep,17271,,,
20,2008,2/17/2008,Jason Willis,Fred Jones,52008,,,
21,2008,2/18/2008,Brady Marshall,Sandy McKnight,82857,,,
22,2008,2/23/2008,Willie Johnson,No secondary sales rep,51379,,,
23,2008,2/27/2008,Fred Jones,No secondary sales rep,73373,,,
24,2008,3/3/2008,Laura Barber,No secondary sales rep,40063,,,
25,2008,3/3/2008,Amanda Smith,Kyle Freeman,67664,,,
26,2008,3/4/2008,Amanda Smith,No secondary sales rep,26844,,,
27,2008,3/5/2008,Inez Sanchez,No secondary sales rep,28259,,,
28,2008,3/8/2008,Mitchel Bogart,No secondary sales rep,35074,,,
29,2008,3/9/2008,Amanda Smith,No secondary sales rep,10232,,,
30,2008,3/11/2008,Jim Jackson,Kyle Freeman,65502,,,
31,2008,3/15/2008,Sandy McKnight,Willie Johnson,26898,,,
32,2008,3/16/2008,Kelly Thomas,Kyle Freeman,69088,,,
33,2008,3/25/2008,Fred Jones,Victoria Beckham,41013,,,
34,2008,3/28/2008,Kyle Freeman,Sandy McKnight,22429,,,
35,2008,3/30/2008,Ryan Leaf,Sandy McKnight,83210,,,
36,2008,3/31/2008,Sandy McKnight,No secondary sales rep,34289,,,
37,2008,4/1/2008,Mitchel Bogart,No secondary sales rep,82267,,,
38,2008,4/6/2008,Sandy McKnight,No secondary sales rep,31426,,,
39,2008,4/9/2008,Kelly Thomas,Kyle Freeman,34467,,,
40,2008,4/16/2008,Willie Johnson,Mitchel Bogart,61267,,,
41,2008,4/16/2008,Laura Barber,Kelly Thomas,61691,,,
42,2008,4/22/2008,Victoria Beckham,No secondary sales rep,44294,,,
43,2008,4/22/2008,Laura Barber,Mark Esposito,55337,,,
44,2008,4/24/2008,Fred Jones,Inez Sanchez,20913,,,
45,2008,4/25/2008,Jim Jackson,No secondary sales rep,65688,,,
46,2008,4/27/2008,Laura Barber,Mitchel Bogart,30523,,,
47,2008,4/28/2008,Willie Johnson,Kelly Thomas,14277,,,
48,2008,5/4/2008,Kyle Freeman,No secondary sales rep,16903,,,
49,2008,5/5/2008,Brady Marshall,No secondary sales rep,58262,,,
50,2008,5/5/2008,Mark Esposito,Laura Barber,73510,,,
51,2008,5/10/2008,Mitchel Bogart,No secondary sales rep,25631,,,
52,2008,5/10/2008,Willie Johnson,No secondary sales rep,65726,,,
53,2008,5/11/2008,Brady Marshall,No secondary sales rep,65565,,,
54,2008,5/13/2008,Fred Jones,No secondary sales rep,41766,,,
55,2008,5/14/2008,Inez Sanchez,No secondary sales rep,18904,,,
56,2008,5/15/2008,Inez Sanchez,No secondary sales rep,84147,,,
57,2008,5/19/2008,Sandy McKnight,No secondary sales rep,33972,,,
58,2008,5/22/2008,Kyle Freeman,Sandy McKnight,52315,,,
59,2008,5/23/2008,Willie Johnson,Jim Jackson,11341,,,
60,2008,5/24/2008,Jim Jackson,No secondary sales rep,48902,,,
61,2008,5/26/2008,Amanda Smith,No secondary sales rep,24389,,,
62,2008,5/27/2008,Mitchel Bogart,No secondary sales rep,24017,,,
63,2008,5/27/2008,Kelly Thomas,No secondary sales rep,45663,,,
64,2008,5/29/2008,Inez Sanchez,No secondary sales rep,35836,,,
65,2008,6/1/2008,Fred Jones,Victoria Beckham,17441,,,
66,2008,6/10/2008,Fred Jones,Victoria Beckham,46984,,,
67,2008,6/10/2008,Brady Marshall,No secondary sales rep,54709,,,
68,2008,6/11/2008,Fred Jones,No secondary sales rep,42392,,,
69,2008,6/11/2008,Mark Esposito,Kyle Freeman,61962,,,
70,2008,6/13/2008,Amanda Smith,No secondary sales rep,26808,,,
71,2008,6/14/2008,Mitchel Bogart,No secondary sales rep,33711,,,
72,2008,6/15/2008,Fred Jones,No secondary sales rep,27301,,,
73,2008,6/17/2008,Amanda Smith,No secondary sales rep,82690,,,
74,2008,6/24/2008,Kelly Thomas,Kyle Freeman,47935,,,
75,2008,6/26/2008,Amanda Smith,No secondary sales rep,26226,,,
76,2008,6/27/2008,Willie Johnson,Jim Jackson,83781,,,
77,2008,6/29/2008,Kelly Thomas,Kyle Freeman,43999,,,
78,2008,7/7/2008,Kelly Thomas,Kyle Freeman,32399,,,
79,2008,7/13/2008,Mark Esposito,No secondary sales rep,12617,,,
80,2008,7/14/2008,Inez Sanchez,Willie Johnson,13140,,,
81,2008,7/15/2008,Willie Johnson,Jim Jackson,62102,,,
82,2008,7/18/2008,Willie Johnson,Jim Jackson,67038,,,
83,2008,7/21/2008,Jim Jackson,Kelly Thomas,19759,,,
84,2008,7/21/2008,Willie Johnson,No secondary sales rep,37330,,,
85,2008,7/21/2008,Laura Barber,Jason Willis,52635,,,
86,2008,7/21/2008,Inez Sanchez,Mark Esposito,68743,,,
87,2008,7/29/2008,Ryan Leaf,No secondary sales rep,83160,,,
88,2008,8/4/2008,Victoria Beckham,Fred Jones,77149,,,
89,2008,8/7/2008,Ryan Leaf,No secondary sales rep,78050,,,
90,2008,8/13/2008,Laura Barber,Jason Willis,81426,,,
91,2008,8/17/2008,Fred Jones,No secondary sales rep,22040,,,
92,2008,8/17/2008,Amanda Smith,Brady Marshall,71062,,,
93,2008,8/19/2008,Willie Johnson,Ryan Leaf,60714,,,
94,2008,8/20/2008,Jim Jackson,Jason Willis,19112,,,
95,2008,8/26/2008,Mitchel Bogart,No secondary sales rep,15054,,,
96,2008,8/26/2008,Inez Sanchez,Willie Johnson,47640,,,
97,2008,8/28/2008,Inez Sanchez,No secondary sales rep,77466,,,
98,2008,9/3/2008,Sandy McKnight,No secondary sales rep,35291,,,
99,2008,9/5/2008,Kelly Thomas,No secondary sales rep,50161,,,
100,2008,9/6/2008,Inez Sanchez,No secondary sales rep,31414,,,
101,2008,9/8/2008,Fred Jones,Inez Sanchez,32061,,,
102,2008,9/15/2008,Kelly Thomas,No secondary sales rep,53299,,,
103,2008,9/18/2008,Sandy McKnight,Mark Esposito,16061,,,
104,2008,9/19/2008,Ryan Leaf,No secondary sales rep,79489,,,
105,2008,9/29/2008,Amanda Smith,Brady Marshall,24530,,,
106,2008,9/30/2008,Willie Johnson,No secondary sales rep,56860,,,
107,2008,10/1/2008,Laura Barber,Kyle Freeman,50203,,,
108,2008,10/3/2008,Willie Johnson,No secondary sales rep,78844,,,
109,2008,10/5/2008,Brady Marshall,Laura Barber,83080,,,
110,2008,10/6/2008,Jim Jackson,Laura Barber,83476,,,
111,2008,10/7/2008,Inez Sanchez,No secondary sales rep,22344,,,
112,2008,10/8/2008,Mitchel Bogart,No secondary sales rep,59066,,,
113,2008,10/11/2008,Mitchel Bogart,No secondary sales rep,31105,,,
114,2008,10/13/2008,Brady Marshall,Sandy McKnight,33803,,,
115,2008,10/13/2008,Willie Johnson,Sandy McKnight,74169,,,
116,2008,10/13/2008,Willie Johnson,No secondary sales rep,82884,,,
117,2008,10/20/2008,Mitchel Bogart,No secondary sales rep,64208,,,
118,2008,10/24/2008,Jason Willis,Mark Esposito,83392,,,
119,2008,11/4/2008,Mitchel Bogart,Amanda Smith,49694,,,
120,2008,11/5/2008,Laura Barber,No secondary sales rep,24574,,,
121,2008,11/9/2008,Mark Esposito,Amanda Smith,65663,,,
122,2008,11/11/2008,Kelly Thomas,No secondary sales rep,34808,,,
123,2008,11/11/2008,Mitchel Bogart,No secondary sales rep,82551,,,
124,2008,11/12/2008,Jim Jackson,Laura Barber,64771,,,
125,2008,11/16/2008,Mitchel Bogart,No secondary sales rep,55204,,,
126,2008,11/16/2008,Ryan Leaf,Sandy McKnight,66536,,,
127,2008,11/17/2008,Jim Jackson,Jason Willis,70709,,,
128,2008,11/19/2008,Amanda Smith,Mark Esposito,11871,,,
129,2008,11/21/2008,Laura Barber,No secondary sales rep,34518,,,
130,2008,11/21/2008,Mitchel Bogart,No secondary sales rep,83979,,,
131,2008,11/22/2008,Ryan Leaf,Jason Willis,15196,,,
132,2008,11/23/2008,Amanda Smith,No secondary sales rep,72644,,,
133,2008,12/1/2008,Fred Jones,Kyle Freeman,25196,,,
134,2008,12/1/2008,Kelly Thomas,Amanda Smith,62233,,,
135,2008,12/3/2008,Fred Jones,Inez Sanchez,29720,,,
136,2008,12/7/2008,Brady Marshall,No secondary sales rep,41294,,,
137,2008,12/10/2008,Ryan Leaf,Jason Willis,38037,,,
138,2008,12/19/2008,Sandy McKnight,Fred Jones,30606,,,
139,2008,12/19/2008,Amanda Smith,No secondary sales rep,31353,,,
140,2008,12/23/2008,Inez Sanchez,No secondary sales rep,27256,,,
141,2008,12/23/2008,Brady Marshall,No secondary sales rep,71543,,,
142,2008,12/25/2008,Brady Marshall,Mark Esposito,65646,,,
143,2008,12/27/2008,Kelly Thomas,No secondary sales rep,47878,,,
144,2008,12/28/2008,Willie Johnson,No secondary sales rep,63479,,,
145,2008,12/30/2008,Kyle Freeman,Jason Willis,37203,,,
146,2008,12/31/2008,Ryan Leaf,Kelly Thomas,34982,,,
147,2009,1/2/2009,Amanda Smith,No secondary sales rep,8554,,,
148,2009,1/3/2009,Victoria Beckham,No secondary sales rep,72360,,,
149,2009,1/6/2009,Victoria Beckham,Ryan Leaf,57361,,,
150,2009,1/7/2009,Inez Sanchez,Brady Marshall,57823,,,
151,2009,1/12/2009,Laura Barber,No secondary sales rep,43459,,,
152,2009,1/13/2009,Amanda Smith,Jason Willis,50808,,,
153,2009,1/14/2009,Mitchel Bogart,No secondary sales rep,38300,,,
154,2009,1/18/2009,Jason Willis,Victoria Beckham,49264,,,
155,2009,1/25/2009,Jim Jackson,Brady Marshall,21145,,,
156,2009,1/26/2009,Kyle Freeman,Willie Johnson,64773,,,
157,2009,1/29/2009,Sandy McKnight,Laura Barber,8743,,,
158,2009,1/31/2009,Willie Johnson,No secondary sales rep,16572,,,
159,2009,2/2/2009,Amanda Smith,No secondary sales rep,72553,,,
160,2009,2/11/2009,Fred Jones,Laura Barber,59168,,,
161,2009,2/13/2009,Mitchel Bogart,No secondary sales rep,70593,,,
162,2009,2/14/2009,Willie Johnson,No secondary sales rep,29555,,,
163,2009,2/14/2009,Inez Sanchez,Ryan Leaf,37768,,,
164,2009,2/14/2009,Victoria Beckham,Ryan Leaf,73391,,,
165,2009,2/16/2009,Amanda Smith,No secondary sales rep,30640,,,
166,2009,2/16/2009,Jim Jackson,No secondary sales rep,40289,,,
167,2009,2/17/2009,Fred Jones,Sandy McKnight,31803,,,
168,2009,2/17/2009,Kelly Thomas,Willie Johnson,32810,,,
169,2009,2/21/2009,Mitchel Bogart,No secondary sales rep,62924,,,
170,2009,2/25/2009,Mitchel Bogart,No secondary sales rep,20034,,,
171,2009,3/2/2009,Jim Jackson,Kelly Thomas,57480,,,
172,2009,3/3/2009,Fred Jones,Willie Johnson,32205,,,
173,2009,3/3/2009,Mark Esposito,Fred Jones,40102,,,
174,2009,3/4/2009,Willie Johnson,Amanda Smith,20417,,,
175,2009,3/6/2009,Inez Sanchez,Jason Willis,10442,,,
176,2009,3/6/2009,Kelly Thomas,Willie Johnson,15824,,,
177,2009,3/7/2009,Jason Willis,Willie Johnson,64413,,,
178,2009,3/9/2009,Laura Barber,No secondary sales rep,73711,,,
179,2009,3/10/2009,Sandy McKnight,Jason Willis,19867,,,
180,2009,3/10/2009,Amanda Smith,Kelly Thomas,70719,,,
181,2009,3/12/2009,Kelly Thomas,No secondary sales rep,13369,,,
182,2009,3/19/2009,Kelly Thomas,No secondary sales rep,11197,,,
183,2009,3/20/2009,Jim Jackson,No secondary sales rep,8847,,,
184,2009,3/23/2009,Amanda Smith,No secondary sales rep,40347,,,
185,2009,3/23/2009,Mitchel Bogart,No secondary sales rep,55491,,,
186,2009,3/26/2009,Fred Jones,Laura Barber,18300,,,
187,2009,3/27/2009,Mitchel Bogart,No secondary sales rep,46568,,,
188,2009,3/28/2009,Mitchel Bogart,No secondary sales rep,27036,,,
189,2009,3/29/2009,Brady Marshall,Willie Johnson,63127,,,
190,2009,3/30/2009,Mitchel Bogart,No secondary sales rep,30791,,,
191,2009,4/1/2009,Fred Jones,Kyle Freeman,44596,,,
192,2009,4/1/2009,Willie Johnson,No secondary sales rep,47010,,,
193,2009,4/1/2009,Kyle Freeman,No secondary sales rep,70245,,,
194,2009,4/5/2009,Brady Marshall,Victoria Beckham,31727,,,
195,2009,4/13/2009,Kyle Freeman,No secondary sales rep,16302,,,
196,2009,4/13/2009,Amanda Smith,No secondary sales rep,30227,,,
197,2009,4/18/2009,Laura Barber,Brady Marshall,18914,,,
198,2009,4/19/2009,Ryan Leaf,No secondary sales rep,25755,,,
199,2009,4/24/2009,Willie Johnson,No secondary sales rep,22160,,,
200,2009,4/30/2009,Fred Jones,Laura Barber,44275,,,
201,2009,5/1/2009,Amanda Smith,Kyle Freeman,24706,,,
202,2009,5/2/2009,Jim Jackson,Mark Esposito,10491,,,
203,2009,5/3/2009,Laura Barber,No secondary sales rep,12332,,,
204,2009,5/5/2009,Fred Jones,No secondary sales rep,62943,,,
205,2009,5/7/2009,Willie Johnson,No secondary sales rep,57913,,,
206,2009,5/8/2009,Kelly Thomas,Brady Marshall,47416,,,
207,2009,5/13/2009,Jim Jackson,No secondary sales rep,29600,,,
208,2009,5/16/2009,Kelly Thomas,Mitchel Bogart,26245,,,
209,2009,5/20/2009,Amanda Smith,No secondary sales rep,26738,,,
210,2009,6/3/2009,Fred Jones,No secondary sales rep,62113,,,
211,2009,6/3/2009,Kyle Freeman,Victoria Beckham,68367,,,
212,2009,6/4/2009,Amanda Smith,Kelly Thomas,58744,,,
213,2009,6/8/2009,Amanda Smith,No secondary sales rep,18249,,,
214,2009,6/9/2009,Willie Johnson,Jason Willis,17370,,,
215,2009,6/16/2009,Fred Jones,Sandy McKnight,32141,,,
216,2009,6/20/2009,Jason Willis,Victoria Beckham,47228,,,
217,2009,6/22/2009,Laura Barber,No secondary sales rep,44176,,,
218,2009,6/24/2009,Brady Marshall,No secondary sales rep,23269,,,
219,2009,6/24/2009,Mark Esposito,Inez Sanchez,31864,,,
220,2009,6/26/2009,Mitchel Bogart,No secondary sales rep,39609,,,
221,2009,6/27/2009,Sandy McKnight,Brady Marshall,19035,,,
222,2009,6/30/2009,Laura Barber,Victoria Beckham,73121,,,
223,2009,7/1/2009,Victoria Beckham,Ryan Leaf,61042,,,
224,2009,7/2/2009,Mitchel Bogart,No secondary sales rep,49183,,,
225,2009,7/8/2009,Victoria Beckham,No secondary sales rep,24415,,,
226,2009,7/9/2009,Ryan Leaf,No secondary sales rep,10700,,,
227,2009,7/9/2009,Ryan Leaf,Brady Marshall,33567,,,
228,2009,7/9/2009,Jim Jackson,Laura Barber,42928,,,
229,2009,7/10/2009,Mitchel Bogart,No secondary sales rep,68957,,,
230,2009,7/31/2009,Amanda Smith,No secondary sales rep,32614,,,
231,2009,8/3/2009,Laura Barber,No secondary sales rep,10852,,,
232,2009,8/5/2009,Brady Marshall,Victoria Beckham,43851,,,
233,2009,8/10/2009,Victoria Beckham,Brady Marshall,51067,,,
234,2009,8/12/2009,Laura Barber,Jim Jackson,59879,,,
235,2009,8/14/2009,Jim Jackson,No secondary sales rep,71086,,,
236,2009,8/16/2009,Mark Esposito,Brady Marshall,33601,,,
237,2009,8/17/2009,Mitchel Bogart,No secondary sales rep,55012,,,
238,2009,8/18/2009,Jim Jackson,Brady Marshall,37711,,,
239,2009,8/18/2009,Laura Barber,No secondary sales rep,56141,,,
240,2009,8/19/2009,Jason Willis,Victoria Beckham,9434,,,
241,2009,8/22/2009,Kyle Freeman,Brady Marshall,32599,,,
242,2009,8/28/2009,Laura Barber,Mark Esposito,45263,,,
243,2009,9/3/2009,Victoria Beckham,Jason Willis,67974,,,
244,2009,9/4/2009,Brady Marshall,Jason Willis,44292,,,
245,2009,9/26/2009,Amanda Smith,Kyle Freeman,69803,,,
246,2009,9/28/2009,Willie Johnson,No secondary sales rep,21944,,,
247,2009,9/28/2009,Amanda Smith,No secondary sales rep,63068,,,
248,2009,9/30/2009,Laura Barber,Brady Marshall,28067,,,
249,2009,10/3/2009,Kelly Thomas,Fred Jones,34292,,,
250,2009,10/6/2009,Jim Jackson,No secondary sales rep,11744,,,
251,2009,10/6/2009,Willie Johnson,No secondary sales rep,45909,,,
252,2009,10/7/2009,Fred Jones,Kyle Freeman,70905,,,
253,2009,10/8/2009,Mitchel Bogart,No secondary sales rep,65592,,,
254,2009,10/11/2009,Ryan Leaf,No secondary sales rep,25152,,,
255,2009,10/14/2009,Kyle Freeman,No secondary sales rep,67232,,,
256,2009,10/19/2009,Jim Jackson,No secondary sales rep,14375,,,
257,2009,10/19/2009,Laura Barber,No secondary sales rep,47137,,,
258,2009,10/20/2009,Inez Sanchez,Ryan Leaf,53283,,,
259,2009,10/22/2009,Sandy McKnight,Laura Barber,17600,,,
260,2009,10/23/2009,Inez Sanchez,Ryan Leaf,22761,,,
261,2009,10/25/2009,Willie Johnson,No secondary sales rep,41435,,,
262,2009,10/27/2009,Amanda Smith,Kelly Thomas,46654,,,
263,2009,10/28/2009,Laura Barber,No secondary sales rep,22786,,,
264,2009,10/30/2009,Willie Johnson,Jason Willis,37549,,,
265,2009,11/9/2009,Willie Johnson,No secondary sales rep,14341,,,
266,2009,11/17/2009,Mitchel Bogart,No secondary sales rep,73288,,,
267,2009,11/19/2009,Fred Jones,No secondary sales rep,20928,,,
268,2009,11/21/2009,Victoria Beckham,No secondary sales rep,33111,,,
269,2009,11/23/2009,Mitchel Bogart,No secondary sales rep,12548,,,
270,2009,11/23/2009,Jim Jackson,Brady Marshall,33418,,,
271,2009,11/23/2009,Victoria Beckham,Willie Johnson,67410,,,
272,2009,11/26/2009,Kyle Freeman,Willie Johnson,42300,,,
273,2009,11/27/2009,Inez Sanchez,No secondary sales rep,33171,,,
274,2009,12/8/2009,Kelly Thomas,Inez Sanchez,69199,,,
275,2009,12/9/2009,Mark Esposito,Brady Marshall,29188,,,
276,2009,12/13/2009,Laura Barber,No secondary sales rep,46751,,,
277,2009,12/17/2009,Fred Jones,Sandy McKnight,14170,,,
278,2009,12/17/2009,Kelly Thomas,No secondary sales rep,69693,,,
279,2009,12/22/2009,Kyle Freeman,Victoria Beckham,57666,,,
280,2009,12/25/2009,Willie Johnson,Jason Willis,15603,,,
281,2009,12/25/2009,Inez Sanchez,Ryan Leaf,31052,,,
282,2009,12/25/2009,Brady Marshall,No secondary sales rep,71516,,,
283,2010,1/2/2010,Jim Jackson,No secondary sales rep,16764,,,
284,2010,1/3/2010,Fred Jones,No secondary sales rep,42561,,,
285,2010,1/7/2010,Laura Barber,No secondary sales rep,42696,,,
286,2010,1/15/2010,Kelly Thomas,Laura Barber,21659,,,
287,2010,1/24/2010,Fred Jones,No secondary sales rep,22359,,,
288,2010,1/27/2010,Brady Marshall,No secondary sales rep,7555,,,
289,2010,1/28/2010,Mitchel Bogart,Amanda Smith,8408,,,
290,2010,1/28/2010,Kyle Freeman,Laura Barber,22863,,,
291,2010,1/29/2010,Inez Sanchez,Laura Barber,11969,,,
292,2010,1/29/2010,Brady Marshall,Laura Barber,37796,,,
293,2010,1/29/2010,Kyle Freeman,Laura Barber,41533,,,
294,2010,2/4/2010,Jason Willis,No secondary sales rep,54963,,,
295,2010,2/10/2010,Laura Barber,Kyle Freeman,18880,,,
296,2010,2/10/2010,Kelly Thomas,Amanda Smith,45475,,,
297,2010,2/13/2010,Victoria Beckham,No secondary sales rep,46057,,,
298,2010,2/13/2010,Mitchel Bogart,No secondary sales rep,52497,,,
299,2010,2/14/2010,Jason Willis,No secondary sales rep,53572,,,
300,2010,2/15/2010,Willie Johnson,No secondary sales rep,29812,,,
301,2010,2/16/2010,Jim Jackson,No secondary sales rep,28055,,,
302,2010,2/17/2010,Jim Jackson,No secondary sales rep,11214,,,
303,2010,2/17/2010,Ryan Leaf,No secondary sales rep,31176,,,
304,2010,2/17/2010,Laura Barber,No secondary sales rep,33011,,,
305,2010,2/18/2010,Victoria Beckham,No secondary sales rep,4340,,,
306,2010,2/19/2010,Kyle Freeman,No secondary sales rep,17088,,,
307,2010,2/20/2010,Jim Jackson,No secondary sales rep,50063,,,
308,2010,2/23/2010,Sandy McKnight,Fred Jones,24961,,,
309,2010,3/1/2010,Jim Jackson,No secondary sales rep,8293,,,
310,2010,3/2/2010,Fred Jones,No secondary sales rep,47864,,,
311,2010,3/8/2010,Jason Willis,No secondary sales rep,57500,,,
312,2010,3/9/2010,Kelly Thomas,No secondary sales rep,56802,,,
313,2010,3/10/2010,Kyle Freeman,Victoria Beckham,14394,,,
314,2010,3/11/2010,Mark Esposito,Laura Barber,43645,,,
315,2010,3/18/2010,Sandy McKnight,Laura Barber,19534,,,
316,2010,3/22/2010,Willie Johnson,No secondary sales rep,4835,,,
317,2010,3/22/2010,Laura Barber,Kyle Freeman,36704,,,
318,2010,3/31/2010,Fred Jones,No secondary sales rep,17584,,,
319,2010,4/8/2010,Willie Johnson,Mitchel Bogart,48947,,,
320,2010,4/12/2010,Brady Marshall,Ryan Leaf,47482,,,
321,2010,4/15/2010,Laura Barber,No secondary sales rep,14091,,,
322,2010,4/19/2010,Laura Barber,No secondary sales rep,6914,,,
323,2010,4/20/2010,Victoria Beckham,No secondary sales rep,19116,,,
324,2010,4/23/2010,Willie Johnson,No secondary sales rep,22317,,,
325,2010,4/23/2010,Fred Jones,No secondary sales rep,23311,,,
326,2010,4/25/2010,Kyle Freeman,No secondary sales rep,4102,,,
327,2010,4/28/2010,Sandy McKnight,Kyle Freeman,24596,,,
328,2010,4/30/2010,Sandy McKnight,No secondary sales rep,59278,,,
329,2010,5/1/2010,Jason Willis,No secondary sales rep,11390,,,
330,2010,5/5/2010,Kelly Thomas,Sandy McKnight,12360,,,
331,2010,5/7/2010,Fred Jones,No secondary sales rep,34474,,,
332,2010,5/10/2010,Laura Barber,Kyle Freeman,21686,,,
333,2010,5/12/2010,Sandy McKnight,No secondary sales rep,10444,,,
334,2010,5/14/2010,Mitchel Bogart,Amanda Smith,49644,,,
335,2010,5/18/2010,Brady Marshall,No secondary sales rep,5339,,,
336,2010,5/18/2010,Jim Jackson,No secondary sales rep,39167,,,
337,2010,5/19/2010,Willie Johnson,No secondary sales rep,38311,,,
338,2010,5/20/2010,Kyle Freeman,Victoria Beckham,31977,,,
339,2010,5/22/2010,Mark Esposito,Jim Jackson,36035,,,
340,2010,5/22/2010,Jim Jackson,No secondary sales rep,43234,,,
341,2010,5/30/2010,Fred Jones,Mark Esposito,27258,,,
342,2010,6/2/2010,Willie Johnson,Brady Marshall,25363,,,
343,2010,6/17/2010,Mitchel Bogart,Amanda Smith,39040,,,
344,2010,6/19/2010,Sandy McKnight,No secondary sales rep,18944,,,
345,2010,6/19/2010,Mitchel Bogart,Amanda Smith,40181,,,
346,2010,6/21/2010,Brady Marshall,No secondary sales rep,41580,,,
347,2010,6/23/2010,Willie Johnson,No secondary sales rep,58154,,,
348,2010,6/27/2010,Laura Barber,Willie Johnson,51768,,,
349,2010,6/30/2010,Fred Jones,Jason Willis,7126,,,
350,2010,7/1/2010,Fred Jones,No secondary sales rep,58492,,,
351,2010,7/8/2010,Jason Willis,Kyle Freeman,18383,,,
352,2010,7/8/2010,Jason Willis,Laura Barber,24667,,,
353,2010,7/11/2010,Jason Willis,No secondary sales rep,46048,,,
354,2010,7/12/2010,Jason Willis,No secondary sales rep,35351,,,
355,2010,7/13/2010,Kyle Freeman,No secondary sales rep,7957,,,
356,2010,7/15/2010,Jim Jackson,No secondary sales rep,24083,,,
357,2010,7/16/2010,Sandy McKnight,Inez Sanchez,34709,,,
358,2010,7/20/2010,Laura Barber,Kyle Freeman,32557,,,
359,2010,7/21/2010,Inez Sanchez,No secondary sales rep,26434,,,
360,2010,7/21/2010,Laura Barber,Kelly Thomas,36279,,,
361,2010,7/24/2010,Fred Jones,No secondary sales rep,26984,,,
362,2010,7/26/2010,Sandy McKnight,No secondary sales rep,55631,,,
363,2010,7/28/2010,Amanda Smith,No secondary sales rep,9946,,,
364,2010,7/29/2010,Willie Johnson,No secondary sales rep,39113,,,
365,2010,7/29/2010,Fred Jones,Brady Marshall,54442,,,
366,2010,7/31/2010,Brady Marshall,Ryan Leaf,26795,,,
367,2010,8/2/2010,Inez Sanchez,Sandy McKnight,27275,,,
368,2010,8/4/2010,Laura Barber,Inez Sanchez,7530,,,
369,2010,8/8/2010,Jason Willis,No secondary sales rep,23406,,,
370,2010,8/10/2010,Brady Marshall,No secondary sales rep,4063,,,
371,2010,8/10/2010,Jason Willis,No secondary sales rep,6846,,,
372,2010,8/10/2010,Sandy McKnight,No secondary sales rep,55224,,,
373,2010,8/11/2010,Laura Barber,No secondary sales rep,59594,,,
374,2010,8/12/2010,Willie Johnson,No secondary sales rep,22436,,,
375,2010,8/14/2010,Sandy McKnight,No secondary sales rep,33921,,,
376,2010,8/19/2010,Victoria Beckham,No secondary sales rep,57143,,,
377,2010,8/22/2010,Inez Sanchez,No secondary sales rep,38124,,,
378,2010,8/23/2010,Fred Jones,No secondary sales rep,12237,,,
379,2010,8/25/2010,Fred Jones,No secondary sales rep,16698,,,
380,2010,8/29/2010,Jim Jackson,No secondary sales rep,10367,,,
381,2010,8/29/2010,Inez Sanchez,No secondary sales rep,27873,,,
382,2010,8/30/2010,Mark Esposito,Victoria Beckham,24312,,,
383,2010,9/1/2010,Jason Willis,Jim Jackson,29525,,,
384,2010,9/7/2010,Kyle Freeman,No secondary sales rep,18972,,,
385,2010,9/15/2010,Victoria Beckham,No secondary sales rep,59159,,,
386,2010,9/16/2010,Jim Jackson,No secondary sales rep,21345,,,
387,2010,9/19/2010,Fred Jones,No secondary sales rep,5998,,,
388,2010,9/19/2010,Kyle Freeman,Fred Jones,28669,,,
389,2010,9/25/2010,Fred Jones,No secondary sales rep,40235,,,
390,2010,9/28/2010,Amanda Smith,No secondary sales rep,34339,,,
391,2010,9/29/2010,Inez Sanchez,Laura Barber,37697,,,
392,2010,9/30/2010,Jim Jackson,No secondary sales rep,5280,,,
393,2010,10/1/2010,Jason Willis,Laura Barber,39929,,,
394,2010,10/1/2010,Mitchel Bogart,Amanda Smith,44619,,,
395,2010,10/2/2010,Willie Johnson,No secondary sales rep,51474,,,
396,2010,10/3/2010,Kyle Freeman,Fred Jones,40664,,,
397,2010,10/11/2010,Inez Sanchez,No secondary sales rep,35686,,,
398,2010,10/12/2010,Amanda Smith,Brady Marshall,53447,,,
399,2010,10/13/2010,Mitchel Bogart,Amanda Smith,33489,,,
400,2010,10/14/2010,Mitchel Bogart,Amanda Smith,51075,,,
401,2010,10/15/2010,Kyle Freeman,No secondary sales rep,14266,,,
402,2010,10/23/2010,Laura Barber,No secondary sales rep,34335,,,
403,2010,10/28/2010,Mitchel Bogart,Amanda Smith,48438,,,
404,2010,11/2/2010,Jason Willis,No secondary sales rep,48293,,,
405,2010,11/7/2010,Mitchel Bogart,Amanda Smith,57956,,,
406,2010,11/13/2010,Amanda Smith,No secondary sales rep,13927,,,
407,2010,11/14/2010,Mitchel Bogart,Amanda Smith,21490,,,
408,2010,11/17/2010,Jason Willis,No secondary sales rep,15383,,,
409,2010,11/19/2010,Jim Jackson,No secondary sales rep,35383,,,
410,2010,11/19/2010,Willie Johnson,No secondary sales rep,50167,,,
411,2010,11/20/2010,Brady Marshall,Laura Barber,22212,,,
412,2010,11/20/2010,Mark Esposito,Victoria Beckham,42667,,,
413,2010,11/27/2010,Victoria Beckham,No secondary sales rep,6245,,,
414,2010,11/30/2010,Sandy McKnight,Fred Jones,10054,,,
415,2010,12/1/2010,Mitchel Bogart,Amanda Smith,34090,,,
416,2010,12/3/2010,Mitchel Bogart,Amanda Smith,59338,,,
417,2010,12/3/2010,Inez Sanchez,No secondary sales rep,47288,,,
418,2010,12/4/2010,Laura Barber,No secondary sales rep,26033,,,
419,2010,12/4/2010,Jim Jackson,Willie Johnson,55874,,,
420,2010,12/5/2010,Ryan Leaf,No secondary sales rep,13319,,,
421,2010,12/12/2010,Victoria Beckham,Sandy McKnight,47367,,,
422,2010,12/17/2010,Kelly Thomas,Fred Jones,33341,,,
423,2010,12/17/2010,Fred Jones,No secondary sales rep,42033,,,
424,2010,12/22/2010,Sandy McKnight,No secondary sales rep,10650,,,
425,2010,12/22/2010,Fred Jones,Brady Marshall,45151,,,
426,2010,12/27/2010,Kyle Freeman,No secondary sales rep,35009,,,
427,2010,12/28/2010,Mitchel Bogart,Amanda Smith,57948,,,
428,2011,1/6/2011,Laura Barber,No secondary sales rep,37964,,,
429,2011,1/10/2011,Willie Johnson,No secondary sales rep,22003,,,
430,2011,1/10/2011,Mark Esposito,Amanda Smith,70992,,,
431,2011,1/12/2011,Laura Barber,No secondary sales rep,21418,,,
432,2011,1/16/2011,Sandy McKnight,No secondary sales rep,4073,,,
433,2011,1/16/2011,Sandy McKnight,Brady Marshall,36668,,,
434,2011,1/19/2011,Victoria Beckham,No secondary sales rep,60351,,,
435,2011,1/21/2011,Victoria Beckham,No secondary sales rep,49663,,,
436,2011,1/23/2011,Victoria Beckham,No secondary sales rep,26030,,,
437,2011,1/26/2011,Victoria Beckham,Amanda Smith,53000,,,
438,2011,1/28/2011,Victoria Beckham,Brady Marshall,4896,,,
439,2011,1/28/2011,Kelly Thomas,Jason Willis,61124,,,
440,2011,1/30/2011,Ryan Leaf,No secondary sales rep,48371,,,
441,2011,2/2/2011,Fred Jones,Inez Sanchez,33752,,,
442,2011,2/4/2011,Inez Sanchez,No secondary sales rep,70443,,,
443,2011,2/4/2011,Jason Willis,Willie Johnson,72365,,,
444,2011,2/5/2011,Kyle Freeman,No secondary sales rep,35568,,,
445,2011,2/8/2011,Fred Jones,No secondary sales rep,8805,,,
446,2011,2/13/2011,Jason Willis,Willie Johnson,72097,,,
447,2011,2/14/2011,Mark Esposito,Sandy McKnight,44243,,,
448,2011,2/16/2011,Laura Barber,Inez Sanchez,10174,,,
449,2011,2/27/2011,Jim Jackson,No secondary sales rep,2908,,,
450,2011,3/1/2011,Willie Johnson,Mark Esposito,59292,,,
451,2011,3/1/2011,Inez Sanchez,No secondary sales rep,65280,,,
452,2011,3/4/2011,Kelly Thomas,Sandy McKnight,25854,,,
453,2011,3/5/2011,Victoria Beckham,No secondary sales rep,57078,,,
454,2011,3/7/2011,Jason Willis,No secondary sales rep,28176,,,
455,2011,3/9/2011,Kelly Thomas,Jason Willis,4237,,,
456,2011,3/11/2011,Ryan Leaf,Mark Esposito,39578,,,
457,2011,3/12/2011,Mark Esposito,Jason Willis,60863,,,
458,2011,3/12/2011,Kyle Freeman,Sandy McKnight,71863,,,
459,2011,3/13/2011,Willie Johnson,No secondary sales rep,10213,,,
460,2011,3/17/2011,Ryan Leaf,No secondary sales rep,4579,,,
461,2011,3/17/2011,Mitchel Bogart,Amanda Smith,7958,,,
462,2011,3/17/2011,Willie Johnson,No secondary sales rep,66350,,,
463,2011,3/18/2011,Jason Willis,Sandy McKnight,25907,,,
464,2011,3/20/2011,Brady Marshall,Kyle Freeman,69655,,,
465,2011,3/20/2011,Willie Johnson,No secondary sales rep,60454,,,
466,2011,3/23/2011,Fred Jones,Inez Sanchez,58435,,,
467,2011,3/29/2011,Kelly Thomas,No secondary sales rep,54019,,,
468,2011,3/30/2011,Ryan Leaf,No secondary sales rep,71696,,,
469,2011,4/3/2011,Kyle Freeman,No secondary sales rep,30960,,,
470,2011,4/5/2011,Inez Sanchez,Kyle Freeman,19627,,,
471,2011,4/6/2011,Fred Jones,No secondary sales rep,56748,,,
472,2011,4/10/2011,Willie Johnson,No secondary sales rep,11382,,,
473,2011,4/12/2011,Mark Esposito,Sandy McKnight,51885,,,
474,2011,4/12/2011,Kelly Thomas,No secondary sales rep,46550,,,
475,2011,4/14/2011,Willie Johnson,Laura Barber,56867,,,
476,2011,4/17/2011,Willie Johnson,No secondary sales rep,64512,,,
477,2011,4/19/2011,Willie Johnson,No secondary sales rep,66785,,,
478,2011,4/20/2011,Jim Jackson,No secondary sales rep,51378,,,
479,2011,4/22/2011,Jim Jackson,No secondary sales rep,64107,,,
480,2011,4/25/2011,Kyle Freeman,No secondary sales rep,47086,,,
481,2011,4/25/2011,Sandy McKnight,Jim Jackson,51866,,,
482,2011,4/30/2011,Jason Willis,No secondary sales rep,60401,,,
483,2011,5/1/2011,Kelly Thomas,No secondary sales rep,72269,,,
484,2011,5/2/2011,Willie Johnson,No secondary sales rep,44034,,,
485,2011,5/9/2011,Jason Willis,Mitchel Bogart,63652,,,
486,2011,5/10/2011,Sandy McKnight,Laura Barber,32014,,,
487,2011,5/10/2011,Jason Willis,Kyle Freeman,51426,,,
488,2011,5/11/2011,Kyle Freeman,No secondary sales rep,5967,,,
489,2011,5/11/2011,Jim Jackson,No secondary sales rep,14470,,,
490,2011,5/11/2011,Ryan Leaf,No secondary sales rep,40308,,,
491,2011,5/15/2011,Kelly Thomas,Amanda Smith,56473,,,
492,2011,5/20/2011,Victoria Beckham,Jim Jackson,62452,,,
493,2011,5/22/2011,Fred Jones,No secondary sales rep,20325,,,
494,2011,5/26/2011,Fred Jones,No secondary sales rep,39170,,,
495,2011,5/29/2011,Inez Sanchez,Jim Jackson,25108,,,
496,2011,5/29/2011,Kyle Freeman,No secondary sales rep,42095,,,
497,2011,5/30/2011,Jason Willis,Sandy McKnight,10128,,,
498,2011,5/31/2011,Kelly Thomas,No secondary sales rep,69865,,,
499,2011,6/2/2011,Inez Sanchez,No secondary sales rep,41509,,,
500,2011,6/3/2011,Jim Jackson,Mark Esposito,37318,,,
501,2011,6/4/2011,Brady Marshall,Fred Jones,43640,,,
502,2011,6/8/2011,Sandy McKnight,Laura Barber,58135,,,
503,2011,6/10/2011,Laura Barber,Willie Johnson,60333,,,
504,2011,6/14/2011,Laura Barber,No secondary sales rep,23488,,,
505,2011,6/14/2011,Mitchel Bogart,Amanda Smith,25562,,,
506,2011,6/16/2011,Ryan Leaf,Mark Esposito,17790,,,
507,2011,6/17/2011,Brady Marshall,No secondary sales rep,50063,,,
508,2011,6/17/2011,Mitchel Bogart,Amanda Smith,54585,,,
509,2011,6/18/2011,Laura Barber,Sandy McKnight,12663,,,
510,2011,6/20/2011,Sandy McKnight,No secondary sales rep,11127,,,
511,2011,6/30/2011,Laura Barber,Ryan Leaf,46077,,,
512,2011,6/30/2011,Mark Esposito,Jason Willis,47171,,,
513,2011,7/2/2011,Victoria Beckham,No secondary sales rep,8350,,,
514,2011,7/2/2011,Kyle Freeman,Laura Barber,61909,,,
515,2011,7/3/2011,Jim Jackson,Mark Esposito,27826,,,
516,2011,7/5/2011,Jim Jackson,Kelly Thomas,35956,,,
517,2011,7/9/2011,Kyle Freeman,Mitchel Bogart,23421,,,
518,2011,7/23/2011,Kyle Freeman,Amanda Smith,39323,,,
519,2011,7/24/2011,Victoria Beckham,Brady Marshall,27627,,,
520,2011,7/27/2011,Mitchel Bogart,Amanda Smith,4371,,,
521,2011,7/27/2011,Jason Willis,No secondary sales rep,36394,,,
522,2011,7/27/2011,Fred Jones,No secondary sales rep,42534,,,
523,2011,8/1/2011,Sandy McKnight,No secondary sales rep,4722,,,
524,2011,8/3/2011,Brady Marshall,No secondary sales rep,12143,,,
525,2011,8/16/2011,Jim Jackson,No secondary sales rep,2658,,,
526,2011,8/17/2011,Inez Sanchez,Fred Jones,48930,,,
527,2011,8/22/2011,Laura Barber,Kelly Thomas,10002,,,
528,2011,8/24/2011,Fred Jones,Amanda Smith,6929,,,
529,2011,8/26/2011,Jason Willis,No secondary sales rep,16135,,,
530,2011,9/2/2011,Victoria Beckham,No secondary sales rep,34602,,,
531,2011,9/10/2011,Laura Barber,Victoria Beckham,5800,,,
532,2011,9/10/2011,Inez Sanchez,Sandy McKnight,22694,,,
533,2011,9/11/2011,Amanda Smith,No secondary sales rep,26079,,,
534,2011,9/15/2011,Fred Jones,No secondary sales rep,16428,,,
535,2011,9/17/2011,Kelly Thomas,Willie Johnson,2646,,,
536,2011,9/17/2011,Laura Barber,Sandy McKnight,47849,,,
537,2011,9/20/2011,Jason Willis,No secondary sales rep,23336,,,
538,2011,9/23/2011,Laura Barber,Brady Marshall,47029,,,
539,2011,9/25/2011,Inez Sanchez,Willie Johnson,44929,,,
540,2011,9/25/2011,Jason Willis,No secondary sales rep,59658,,,
541,2011,9/27/2011,Jim Jackson,Victoria Beckham,39438,,,
542,2011,9/28/2011,Sandy McKnight,Willie Johnson,9452,,,
543,2011,9/28/2011,Brady Marshall,No secondary sales rep,42275,,,
544,2011,10/4/2011,Fred Jones,No secondary sales rep,54932,,,
545,2011,10/8/2011,Mark Esposito,No secondary sales rep,53982,,,
546,2011,10/14/2011,Mitchel Bogart,Amanda Smith,39469,,,
547,2011,10/16/2011,Fred Jones,No secondary sales rep,2690,,,
548,2011,10/16/2011,Amanda Smith,No secondary sales rep,27859,,,
549,2011,10/17/2011,Mitchel Bogart,Amanda Smith,34425,,,
550,2011,10/22/2011,Jim Jackson,Fred Jones,30648,,,
551,2011,10/25/2011,Ryan Leaf,Fred Jones,39260,,,
552,2011,10/28/2011,Brady Marshall,Sandy McKnight,15074,,,
553,2011,10/30/2011,Mitchel Bogart,Amanda Smith,59310,,,
554,2011,10/31/2011,Kelly Thomas,Brady Marshall,7211,,,
555,2011,11/3/2011,Jason Willis,Sandy McKnight,8724,,,
556,2011,11/3/2011,Mitchel Bogart,Amanda Smith,25572,,,
557,2011,11/8/2011,Jason Willis,No secondary sales rep,15245,,,
558,2011,11/11/2011,Mark Esposito,Jason Willis,12949,,,
559,2011,11/19/2011,Mitchel Bogart,Amanda Smith,68651,,,
560,2011,11/20/2011,Amanda Smith,Laura Barber,26071,,,
561,2011,11/26/2011,Jason Willis,No secondary sales rep,8795,,,
562,2011,11/30/2011,Inez Sanchez,Jason Willis,29555,,,
563,2011,12/6/2011,Mitchel Bogart,Amanda Smith,34041,,,
564,2011,12/12/2011,Laura Barber,Ryan Leaf,17305,,,
565,2011,12/18/2011,Laura Barber,No secondary sales rep,22003,,,
566,2011,12/19/2011,Mitchel Bogart,Amanda Smith,33771,,,
567,2011,12/24/2011,Kyle Freeman,Sandy McKnight,16803,,,
568,2011,12/26/2011,Mitchel Bogart,Amanda Smith,18603,,,
569,2011,12/30/2011,Mitchel Bogart,Amanda Smith,66464,,,
